timestamp,bpm,accel_x,accel_y,accel_z
2025-11-12T18:49:11Z,100,-0.314,-0.51,9.414
2025-11-12T18:49:11Z,101,-0.275,-0.51,9.414
2025-11-12T18:49:11Z,101,-0.275,-0.431,9.493
2025-11-12T18:49:11Z,105,-0.314,-0.51,9.454
2025-11-12T18:49:11Z,102,-0.275,-0.51,9.454
2025-11-12T18:49:11Z,102,-0.392,-0.471,9.493
2025-11-12T18:49:11Z,102,-0.314,-0.549,9.454
2025-11-12T18:49:11Z,101,-0.275,-0.431,9.454
2025-11-12T18:49:11Z,101,-0.275,-0.51,9.414
2025-11-12T18:49:11Z,100,-0.275,-0.471,9.493
2025-11-12T18:49:11Z,100,-0.275,-0.51,9.414
2025-11-12T18:49:11Z,100,-0.353,-0.471,9.414
2025-11-12T18:49:11Z,100,-0.314,-0.51,9.454
2025-11-12T18:49:11Z,99,-0.314,-0.471,9.454
2025-11-12T18:49:11Z,100,-0.314,-0.549,9.414
2025-11-12T18:49:11Z,102,-0.235,-0.51,9.414
2025-11-12T18:49:11Z,101,-0.314,-0.471,9.493
2025-11-12T18:49:11Z,101,-0.314,-0.471,9.414
2025-11-12T18:49:11Z,102,-0.314,-0.51,9.454
2025-11-12T18:49:11Z,101,-0.275,-0.471,9.414
2025-11-12T18:49:11Z,101,-0.353,-0.471,9.493
2025-11-12T18:49:11Z,100,-0.275,-0.51,9.454
2025-11-12T18:49:11Z,100,-0.314,-0.51,9.493
2025-11-12T18:49:11Z,99,-0.314,-0.51,9.454
2025-11-12T18:49:11Z,99,-0.275,-0.51,9.454
2025-11-12T18:49:11Z,99,-0.275,-0.51,9.454
2025-11-12T18:49:11Z,99,-0.314,-0.431,9.454
2025-11-12T18:49:11Z,99,-0.275,-0.549,9.454
2025-11-12T18:49:11Z,99,-0.314,-0.51,9.454
2025-11-12T18:49:11Z,100,-0.314,-0.431,9.493
2025-11-12T18:49:11Z,100,-0.314,-0.51,9.414
2025-11-12T18:49:11Z,100,-0.275,-0.51,9.454
2025-11-12T18:49:11Z,100,-0.431,-0.392,9.532
2025-11-12T18:49:11Z,100,-0.353,-0.51,9.493
2025-11-12T18:49:11Z,100,-0.275,-0.549,9.454
2025-11-12T18:49:11Z,100,-0.314,-0.51,9.414
2025-11-12T18:49:11Z,100,-0.314,-0.51,9.454
2025-11-12T18:49:11Z,100,-0.353,-0.471,9.493
2025-11-12T18:49:11Z,100,-0.314,-0.549,9.454
2025-11-12T18:49:11Z,100,-0.51,-0.785,9.101
2025-11-12T18:49:11Z,100,-0.235,-0.51,9.493
2025-11-12T18:49:11Z,100,-0.314,-0.431,9.454
2025-11-12T18:49:11Z,100,-0.314,-0.549,9.454
2025-11-12T18:49:11Z,100,-0.314,-0.471,9.414
2025-11-12T18:49:11Z,100,-0.353,-0.471,9.375
2025-11-12T18:49:11Z,100,-0.196,-0.471,9.414
2025-11-12T18:49:11Z,100,-0.314,-0.549,9.454
2025-11-12T18:49:11Z,100,-0.353,-0.51,9.414
2025-11-12T18:49:11Z,100,-0.353,-0.471,9.414
2025-11-12T18:49:11Z,100,-0.314,-0.51,9.375
2025-11-12T18:49:11Z,100,-0.353,-0.51,9.375
2025-11-12T18:49:11Z,100,-0.275,-0.549,9.454
2025-11-12T18:49:11Z,101,-0.275,-0.51,9.454
2025-11-12T18:49:11Z,101,-0.314,-0.51,9.414
2025-11-12T18:49:11Z,101,-0.275,-0.471,9.454
2025-11-12T18:49:11Z,101,-0.314,-0.471,9.454
2025-11-12T18:49:11Z,101,-0.275,-0.51,9.454
2025-11-12T18:49:11Z,102,-0.275,-0.392,9.375
2025-11-12T18:49:11Z,102,-0.314,-0.471,9.414
2025-11-12T18:49:11Z,102,-0.275,-0.588,9.414
2025-11-12T18:50:14Z,101,-0.314,-0.51,9.414
2025-11-12T18:50:14Z,102,-0.275,-0.51,9.454
2025-11-12T18:50:14Z,102,-0.314,-0.471,9.414
2025-11-12T18:50:14Z,102,-0.353,-0.471,9.493
2025-11-12T18:50:14Z,101,-0.314,-0.549,9.454
2025-11-12T18:50:14Z,101,-0.314,-0.471,9.414
2025-11-12T18:50:14Z,101,-0.314,-0.51,9.414
2025-11-12T18:50:14Z,100,-0.314,-0.549,9.375
2025-11-12T18:50:14Z,100,-0.314,-0.51,9.454
2025-11-12T18:50:14Z,101,-0.314,-0.51,9.414
2025-11-12T18:50:14Z,101,-0.314,-0.471,9.414
2025-11-12T18:50:14Z,101,-0.275,-0.471,9.414
2025-11-12T18:50:14Z,101,-0.275,-0.471,9.532
2025-11-12T18:50:14Z,94,-0.431,-0.471,9.611
2025-11-12T18:50:14Z,88,-0.314,-0.51,9.454
2025-11-12T18:50:14Z,82,-0.353,-0.51,9.375
2025-11-12T18:50:14Z,85,-0.314,-0.471,9.414
2025-11-12T18:50:14Z,88,-0.275,-0.51,9.454
2025-11-12T18:50:14Z,89,-0.275,-0.51,9.454
2025-11-12T18:50:14Z,91,-0.353,-0.549,9.454
2025-11-12T18:50:14Z,93,-0.275,-0.471,9.454
2025-11-12T18:50:14Z,94,-0.275,-0.51,9.414
2025-11-12T18:50:14Z,95,-0.353,-0.51,9.414
2025-11-12T18:50:14Z,96,-0.314,-0.51,9.414
2025-11-12T18:50:14Z,97,-0.275,-0.51,9.414
2025-11-12T18:50:14Z,98,-0.314,-0.51,9.454
2025-11-12T18:50:14Z,98,-0.314,-0.51,9.414
2025-11-12T18:50:14Z,99,-0.275,-0.51,9.414
2025-11-12T18:50:14Z,99,-0.275,-0.471,9.454
2025-11-12T18:50:14Z,99,-0.275,-0.51,9.414
2025-11-12T18:50:14Z,100,-0.353,-0.51,9.375
2025-11-12T18:50:14Z,100,-0.314,-0.51,9.454
2025-11-12T18:50:14Z,100,-0.275,-0.51,9.454
2025-11-12T18:50:14Z,100,-0.235,-0.51,9.414
2025-11-12T18:50:14Z,101,-0.275,-0.51,9.454
2025-11-12T18:50:14Z,101,-0.314,-0.51,9.414
2025-11-12T18:50:14Z,101,-0.275,-0.549,9.414
2025-11-12T18:50:14Z,103,-0.314,-0.51,9.493
2025-11-12T18:50:14Z,111,-0.275,-0.588,9.414
2025-11-12T18:50:14Z,117,-0.235,-0.431,9.454
2025-11-12T18:50:14Z,114,-0.314,-0.51,9.454
2025-11-12T18:50:14Z,112,-0.314,-0.51,9.454
2025-11-12T18:50:14Z,111,-0.353,-0.51,9.414
2025-11-12T18:50:14Z,109,-0.275,-0.471,9.454
2025-11-12T18:50:14Z,108,-0.314,-0.431,9.454
2025-11-12T18:50:14Z,106,-0.314,-0.51,9.454
2025-11-12T18:50:14Z,105,-0.275,-0.471,9.454
2025-11-12T18:50:14Z,105,-0.353,-0.51,9.454
2025-11-12T18:50:14Z,104,-0.353,-0.51,9.375
2025-11-12T18:50:14Z,104,-0.235,-0.51,9.414
2025-11-12T18:50:14Z,103,-0.314,-0.51,9.414
2025-11-12T18:50:14Z,103,-0.275,-0.51,9.414
2025-11-12T18:50:14Z,102,-0.275,-0.471,9.414
2025-11-12T18:50:14Z,103,-0.314,-0.471,9.454
2025-11-12T18:50:14Z,102,-0.314,-0.51,9.454
2025-11-12T18:50:14Z,102,-0.314,-0.549,9.454
2025-11-12T18:50:14Z,102,-0.353,-0.431,9.414
2025-11-12T18:50:14Z,102,-0.275,-0.51,9.493
2025-11-12T18:50:14Z,101,-0.314,-0.51,9.414
2025-11-12T18:50:14Z,101,-0.353,-0.51,9.454
2025-11-12T18:51:17Z,101,-0.353,-0.51,9.493
2025-11-12T18:51:17Z,101,-0.314,-0.51,9.375
2025-11-12T18:51:17Z,101,-0.275,-0.51,9.414
2025-11-12T18:51:17Z,101,-0.314,-0.471,9.414
2025-11-12T18:51:17Z,101,-0.275,-0.51,9.493
2025-11-12T18:51:17Z,101,-0.314,-0.51,9.493
2025-11-12T18:51:17Z,101,-0.314,-0.471,9.414
2025-11-12T18:51:17Z,101,-0.314,-0.471,9.454
2025-11-12T18:51:17Z,101,-0.314,-0.471,9.375
2025-11-12T18:51:17Z,101,-0.314,-0.51,9.414
2025-11-12T18:51:17Z,101,-0.275,-0.51,9.414
2025-11-12T18:51:17Z,100,-0.235,-0.549,9.454
2025-11-12T18:51:17Z,100,-0.275,-0.431,9.414
2025-11-12T18:51:17Z,100,-0.275,-0.51,9.454
2025-11-12T18:51:17Z,100,-0.314,-0.51,9.454
2025-11-12T18:51:17Z,100,-0.275,-0.51,9.454
2025-11-12T18:51:17Z,100,-0.275,-0.51,9.454
2025-11-12T18:51:17Z,100,-0.314,-0.51,9.454
2025-11-12T18:51:17Z,100,-0.275,-0.51,9.414
2025-11-12T18:51:17Z,100,-0.275,-0.51,9.454
2025-11-12T18:51:17Z,100,-0.314,-0.471,9.493
2025-11-12T18:51:17Z,100,-0.235,-0.51,9.414
2025-11-12T18:51:17Z,100,-0.275,-0.51,9.375
2025-11-12T18:51:17Z,100,-0.314,-0.549,9.454
2025-11-12T18:51:17Z,100,-0.314,-0.549,9.375
2025-11-12T18:51:17Z,100,-0.353,-0.431,9.454
2025-11-12T18:51:17Z,100,-0.314,-0.51,9.414
2025-11-12T18:51:17Z,100,-0.275,-0.51,9.454
2025-11-12T18:51:17Z,100,-0.275,-0.51,9.414
2025-11-12T18:51:17Z,100,-0.314,-0.471,9.454
2025-11-12T18:51:17Z,100,-0.314,-0.549,9.414
2025-11-12T18:51:17Z,100,-0.314,-0.471,9.493
2025-11-12T18:51:17Z,100,-0.353,-0.51,9.454
2025-11-12T18:51:17Z,100,-0.275,-0.51,9.414
2025-11-12T18:51:17Z,100,-0.275,-0.549,9.414
2025-11-12T18:51:17Z,100,-0.314,-0.471,9.414
2025-11-12T18:51:17Z,100,-0.314,-0.51,9.454
2025-11-12T18:51:17Z,100,-0.275,-0.549,9.454
2025-11-12T18:51:17Z,100,-0.275,-0.51,9.414
2025-11-12T18:51:17Z,100,-0.275,-0.51,9.493
2025-11-12T18:51:17Z,100,-0.235,-0.549,9.414
2025-11-12T18:51:17Z,100,-0.314,-0.471,9.414
2025-11-12T18:51:17Z,100,-0.353,-0.51,9.414
2025-11-12T18:51:17Z,100,-0.314,-0.471,9.414
2025-11-12T18:51:17Z,99,-0.314,-0.51,9.414
2025-11-12T18:51:17Z,100,-0.353,-0.51,9.493
2025-11-12T18:51:17Z,100,-0.314,-0.51,9.493
2025-11-12T18:51:17Z,100,-0.314,-0.431,9.454
2025-11-12T18:51:17Z,100,-0.275,-0.471,9.414
2025-11-12T18:51:17Z,100,-0.235,-0.51,9.414
2025-11-12T18:51:17Z,100,-0.314,-0.471,9.493
2025-11-12T18:51:17Z,100,-0.275,-0.51,9.493
2025-11-12T18:51:17Z,100,-0.314,-0.51,9.414
2025-11-12T18:51:17Z,99,-0.353,-0.471,9.493
2025-11-12T18:51:17Z,100,-0.314,-0.471,9.414
2025-11-12T18:51:17Z,99,-0.235,-0.471,9.454
2025-11-12T18:51:17Z,99,-0.275,-0.51,9.414
2025-11-12T18:51:17Z,99,-0.275,-0.471,9.454
2025-11-12T18:51:17Z,99,-0.314,-0.51,9.454
2025-11-12T18:51:17Z,99,-0.275,-0.431,9.414
2025-11-12T18:52:20Z,100,-0.275,-0.549,9.454
2025-11-12T18:52:20Z,99,-0.275,-0.431,9.414
2025-11-12T18:52:20Z,100,-0.314,-0.51,9.414
2025-11-12T18:52:20Z,100,-0.314,-0.471,9.454
2025-11-12T18:52:20Z,100,-0.314,-0.51,9.414
2025-11-12T18:52:20Z,100,-0.275,-0.471,9.454
2025-11-12T18:52:20Z,100,-0.235,-0.51,9.414
2025-11-12T18:52:20Z,100,-0.275,-0.51,9.414
2025-11-12T18:52:20Z,100,-0.314,-0.471,9.454
2025-11-12T18:52:20Z,100,-0.275,-0.549,9.414
2025-11-12T18:52:20Z,99,-0.275,-0.549,9.454
2025-11-12T18:52:20Z,99,-0.235,-0.51,9.414
2025-11-12T18:52:20Z,100,0.0,-0.314,9.571
2025-11-12T18:52:20Z,100,-0.235,-0.51,9.297
2025-11-12T18:52:20Z,100,-0.196,-0.471,9.454
2025-11-12T18:52:20Z,100,-0.235,-0.471,9.375
2025-11-12T18:52:20Z,100,-0.275,-0.431,9.414
2025-11-12T18:52:20Z,100,-0.314,-0.471,9.454
2025-11-12T18:52:20Z,99,-0.314,-0.51,9.454
2025-11-12T18:52:20Z,100,-0.275,-0.51,9.414
2025-11-12T18:52:20Z,100,-0.235,-0.471,9.454
2025-11-12T18:52:20Z,100,-0.314,-0.471,9.493
2025-11-12T18:52:20Z,100,-0.275,-0.471,9.414
2025-11-12T18:52:20Z,100,-0.314,-0.549,9.454
2025-11-12T18:52:20Z,100,-0.314,-0.51,9.414
2025-11-12T18:52:20Z,100,-0.275,-0.471,9.532
2025-11-12T18:52:20Z,99,-0.275,-0.471,9.454
2025-11-12T18:52:20Z,99,-0.314,-0.471,9.454
2025-11-12T18:52:20Z,99,-0.314,-0.471,9.375
2025-11-12T18:52:20Z,100,-0.314,-0.51,9.454
2025-11-12T18:52:20Z,100,-0.235,-0.51,9.454
2025-11-12T18:52:20Z,100,-0.235,-0.51,9.454
2025-11-12T18:52:20Z,100,-0.353,-0.471,9.493
2025-11-12T18:52:20Z,100,-0.275,-0.51,9.454
2025-11-12T18:52:20Z,100,-0.314,-0.51,9.493
2025-11-12T18:52:20Z,100,-0.235,-0.471,9.454
2025-11-12T18:52:20Z,100,-0.275,-0.51,9.493
2025-11-12T18:52:20Z,100,-0.314,-0.471,9.454
2025-11-12T18:52:20Z,99,-0.275,-0.471,9.493
2025-11-12T18:52:20Z,99,-0.275,-0.471,9.454
2025-11-12T18:52:20Z,99,-0.275,-0.51,9.454
2025-11-12T18:52:20Z,99,-0.275,-0.471,9.414
2025-11-12T18:52:20Z,99,-0.275,-0.51,9.454
2025-11-12T18:52:20Z,99,-0.314,-0.51,9.493
2025-11-12T18:52:20Z,99,-0.275,-0.51,9.454
2025-11-12T18:52:20Z,99,-0.353,-0.549,9.454
2025-11-12T18:52:20Z,99,-0.314,-0.51,9.493
2025-11-12T18:52:20Z,99,-0.314,-0.471,9.493
2025-11-12T18:52:20Z,99,-0.275,-0.549,9.454
2025-11-12T18:52:20Z,99,-0.314,-0.51,9.454
2025-11-12T18:52:20Z,99,-0.275,-0.549,9.493
2025-11-12T18:52:20Z,99,-0.353,-0.51,9.532
2025-11-12T18:52:20Z,99,-0.235,-0.51,9.454
2025-11-12T18:52:20Z,99,-0.235,-0.549,9.454
2025-11-12T18:52:20Z,99,-0.275,-0.471,9.454
2025-11-12T18:52:20Z,99,-0.314,-0.549,9.493
2025-11-12T18:52:20Z,100,-0.314,-0.549,9.454
2025-11-12T18:52:20Z,100,-0.314,-0.471,9.493
2025-11-12T18:52:20Z,100,-0.314,-0.51,9.454
2025-11-12T18:52:20Z,100,-0.314,-0.471,9.414
2025-11-12T18:53:23Z,100,-0.314,-0.471,9.493
2025-11-12T18:53:23Z,100,-0.235,-0.51,9.454
2025-11-12T18:53:23Z,100,-0.235,-0.549,9.414
2025-11-12T18:53:23Z,100,-0.235,-0.51,9.414
2025-11-12T18:53:23Z,100,-0.275,-0.51,9.414
2025-11-12T18:53:23Z,100,-0.235,-0.51,9.414
2025-11-12T18:53:23Z,100,-0.275,-0.471,9.454
2025-11-12T18:53:23Z,100,-0.275,-0.549,9.414
2025-11-12T18:53:23Z,100,-0.275,-0.51,9.375
2025-11-12T18:53:23Z,100,-0.235,-0.51,9.375
2025-11-12T18:53:23Z,100,-0.275,-0.471,9.454
2025-11-12T18:53:23Z,100,-0.235,-0.51,9.454
2025-11-12T18:53:23Z,100,-0.275,-0.471,9.414
2025-11-12T18:53:23Z,100,-0.235,-0.549,9.375
2025-11-12T18:53:23Z,100,-0.275,-0.51,9.375
2025-11-12T18:53:23Z,100,-0.235,-0.51,9.336
2025-11-12T18:53:23Z,100,-0.275,-0.51,9.454
2025-11-12T18:53:23Z,100,-0.275,-0.471,9.414
2025-11-12T18:53:23Z,100,-0.235,-0.51,9.454
2025-11-12T18:53:23Z,100,-0.235,-0.471,9.414
2025-11-12T18:53:23Z,100,-0.275,-0.51,9.414
2025-11-12T18:53:23Z,100,-0.235,-0.51,9.414
2025-11-12T18:53:23Z,100,-0.314,-0.549,9.454
2025-11-12T18:53:23Z,100,-0.235,-0.51,9.375
2025-11-12T18:53:23Z,100,-0.275,-0.471,9.414
2025-11-12T18:53:23Z,100,-0.275,-0.471,9.454
2025-11-12T18:53:23Z,100,-0.196,-0.51,9.414
2025-11-12T18:53:23Z,100,-0.275,-0.471,9.493
2025-11-12T18:53:23Z,100,-0.275,-0.471,9.454
2025-11-12T18:53:23Z,100,-0.235,-0.51,9.414
2025-11-12T18:53:23Z,100,-0.235,-0.51,9.454
2025-11-12T18:53:23Z,100,-0.235,-0.588,9.414
2025-11-12T18:53:23Z,100,-0.196,-0.51,9.493
2025-11-12T18:53:23Z,100,-0.235,-0.471,9.454
2025-11-12T18:53:23Z,100,-0.314,-0.51,9.454
2025-11-12T18:53:23Z,100,-0.235,-0.471,9.454
2025-11-12T18:53:23Z,100,-0.353,-0.51,9.414
2025-11-12T18:53:23Z,100,-0.235,-0.51,9.414
2025-11-12T18:53:23Z,100,-0.314,-0.431,9.414
2025-11-12T18:53:23Z,100,-0.275,-0.51,9.532
2025-11-12T18:53:23Z,100,-0.275,-0.51,9.414
2025-11-12T18:53:23Z,100,-0.314,-0.471,9.493
2025-11-12T18:53:23Z,100,-0.314,-0.471,9.454
2025-11-12T18:53:23Z,100,-0.235,-0.51,9.454
2025-11-12T18:53:23Z,99,-0.275,-0.51,9.454
2025-11-12T18:53:23Z,100,-0.235,-0.51,9.414
2025-11-12T18:53:23Z,99,-0.196,-0.51,9.375
2025-11-12T18:53:23Z,100,-0.196,-0.471,9.414
2025-11-12T18:53:23Z,99,-0.275,-0.51,9.414
2025-11-12T18:53:23Z,99,-0.275,-0.471,9.414
2025-11-12T18:53:23Z,100,-0.196,-0.51,9.375
2025-11-12T18:53:23Z,100,-0.235,-0.51,9.414
2025-11-12T18:53:23Z,100,-0.314,-0.549,9.414
2025-11-12T18:53:23Z,100,-0.275,-0.431,9.454
2025-11-12T18:53:23Z,100,-0.275,-0.471,9.454
2025-11-12T18:53:23Z,100,-0.314,-0.51,9.454
2025-11-12T18:53:23Z,100,-0.275,-0.549,9.375
2025-11-12T18:53:23Z,100,-0.275,-0.549,9.414
2025-11-12T18:53:23Z,100,-0.275,-0.51,9.454
2025-11-12T18:53:23Z,100,-0.235,-0.51,9.454
2025-11-12T18:54:25Z,100,-0.314,-0.51,9.414
2025-11-12T18:54:25Z,100,-0.275,-0.51,9.454
2025-11-12T18:54:25Z,100,-0.275,-0.51,9.454
2025-11-12T18:54:25Z,100,-0.275,-0.51,9.375
2025-11-12T18:54:25Z,100,-0.275,-0.471,9.414
2025-11-12T18:54:25Z,100,-0.314,-0.51,9.454
2025-11-12T18:54:25Z,100,-0.275,-0.471,9.493
2025-11-12T18:54:25Z,100,-0.275,-0.51,9.493
2025-11-12T18:54:25Z,100,-0.353,-0.471,9.414
2025-11-12T18:54:25Z,100,-0.275,-0.51,9.454
2025-11-12T18:54:25Z,100,-0.235,-0.51,9.414
2025-11-12T18:54:25Z,100,-0.275,-0.51,9.454
2025-11-12T18:54:25Z,100,-0.353,-0.471,9.375
2025-11-12T18:54:25Z,100,-0.275,-0.549,9.414
2025-11-12T18:54:25Z,100,-0.275,-0.549,9.454
2025-11-12T18:54:25Z,100,-0.314,-0.51,9.454
2025-11-12T18:54:25Z,100,-0.275,-0.51,9.493
2025-11-12T18:54:25Z,100,-0.314,-0.51,9.414
2025-11-12T18:54:25Z,100,-0.275,-0.51,9.454
2025-11-12T18:54:25Z,100,-0.275,-0.51,9.493
2025-11-12T18:54:25Z,100,-0.314,-0.471,9.414
2025-11-12T18:54:25Z,100,-0.314,-0.549,9.414
2025-11-12T18:54:25Z,100,-0.235,-0.549,9.454
2025-11-12T18:54:25Z,100,-0.275,-0.51,9.414
2025-11-12T18:54:25Z,100,-0.235,-0.51,9.375
2025-11-12T18:54:25Z,100,-0.275,-0.471,9.414
2025-11-12T18:54:25Z,100,-0.275,-0.51,9.414
2025-11-12T18:54:25Z,100,-0.275,-0.549,9.375
2025-11-12T18:54:25Z,100,-0.275,-0.471,9.532
2025-11-12T18:54:25Z,100,-0.314,-0.51,9.414
2025-11-12T18:54:25Z,99,-0.275,-0.549,9.493
2025-11-12T18:54:25Z,99,-0.314,-0.471,9.414
2025-11-12T18:54:25Z,99,-0.314,-0.471,9.414
2025-11-12T18:54:25Z,99,-0.314,-0.51,9.454
2025-11-12T18:54:25Z,99,-0.314,-0.51,9.414
2025-11-12T18:54:25Z,99,-0.314,-0.471,9.454
2025-11-12T18:54:25Z,99,-0.314,-0.471,9.454
2025-11-12T18:54:25Z,99,-0.314,-0.51,9.493
2025-11-12T18:54:25Z,100,-0.314,-0.471,9.493
2025-11-12T18:54:25Z,99,-0.275,-0.51,9.414
2025-11-12T18:54:25Z,99,-0.314,-0.51,9.454
2025-11-12T18:54:25Z,100,-0.275,-0.51,9.454
2025-11-12T18:54:25Z,100,-0.275,-0.549,9.454
2025-11-12T18:54:25Z,100,-0.314,-0.549,9.454
2025-11-12T18:54:25Z,100,-0.314,-0.51,9.454
2025-11-12T18:54:25Z,100,-0.275,-0.471,9.454
2025-11-12T18:54:25Z,100,-0.353,-0.471,9.414
2025-11-12T18:54:25Z,100,-0.275,-0.51,9.375
2025-11-12T18:54:25Z,100,-0.275,-0.471,9.493
2025-11-12T18:54:25Z,100,-0.353,-0.51,9.414
2025-11-12T18:54:25Z,100,-0.314,-0.471,9.414
2025-11-12T18:54:25Z,100,-0.275,-0.51,9.454
2025-11-12T18:54:25Z,100,-0.314,-0.471,9.493
2025-11-12T18:54:25Z,100,-0.275,-0.51,9.454
2025-11-12T18:54:25Z,100,-0.275,-0.549,9.414
2025-11-12T18:54:25Z,100,-0.314,-0.471,9.414
2025-11-12T18:54:25Z,100,-0.275,-0.471,9.414
2025-11-12T18:54:25Z,100,-0.314,-0.588,9.375
2025-11-12T18:54:25Z,100,-0.275,-0.51,9.454
2025-11-12T18:54:25Z,100,-0.353,-0.471,9.493
2025-11-12T18:55:28Z,100,-0.314,-0.51,9.454
2025-11-12T18:55:28Z,99,-0.275,-0.471,9.454
2025-11-12T18:55:28Z,100,-0.314,-0.51,9.414
2025-11-12T18:55:28Z,100,-0.275,-0.51,9.493
2025-11-12T18:55:28Z,100,-0.314,-0.549,9.493
2025-11-12T18:55:28Z,100,-0.353,-0.471,9.454
2025-11-12T18:55:28Z,100,-0.275,-0.549,9.454
2025-11-12T18:55:28Z,100,-0.275,-0.471,9.493
2025-11-12T18:55:28Z,100,-0.275,-0.51,9.493
2025-11-12T18:55:28Z,100,-0.314,-0.471,9.414
2025-11-12T18:55:28Z,100,-0.314,-0.51,9.454
2025-11-12T18:55:28Z,100,-0.275,-0.51,9.454
2025-11-12T18:55:28Z,100,-0.275,-0.51,9.414
2025-11-12T18:55:28Z,100,-0.314,-0.471,9.414
2025-11-12T18:55:28Z,100,-0.235,-0.51,9.454
2025-11-12T18:55:28Z,100,-0.314,-0.51,9.414
2025-11-12T18:55:28Z,100,-0.314,-0.549,9.454
2025-11-12T18:55:28Z,100,-0.314,-0.51,9.414
2025-11-12T18:55:28Z,100,-0.314,-0.471,9.454
2025-11-12T18:55:28Z,100,-0.314,-0.549,9.414
2025-11-12T18:55:28Z,100,-0.275,-0.471,9.414
2025-11-12T18:55:28Z,100,-0.275,-0.51,9.454
2025-11-12T18:55:28Z,100,-0.314,-0.431,9.454
2025-11-12T18:55:28Z,100,-0.353,-0.471,9.454
2025-11-12T18:55:28Z,100,-0.275,-0.51,9.414
2025-11-12T18:55:28Z,100,-0.314,-0.431,9.454
2025-11-12T18:55:28Z,100,-0.235,-0.51,9.414
2025-11-12T18:55:28Z,100,-0.275,-0.549,9.375
2025-11-12T18:55:28Z,100,-0.275,-0.51,9.454
2025-11-12T18:55:28Z,100,-0.314,-0.51,9.454
2025-11-12T18:55:28Z,100,-0.235,-0.51,9.454
2025-11-12T18:55:28Z,100,-0.314,-0.51,9.454
2025-11-12T18:55:28Z,99,-0.275,-0.471,9.454
2025-11-12T18:55:28Z,100,-0.314,-0.51,9.493
2025-11-12T18:55:28Z,100,-0.314,-0.431,9.454
2025-11-12T18:55:28Z,99,-0.314,-0.471,9.493
2025-11-12T18:55:28Z,99,-0.275,-0.588,9.454
2025-11-12T18:55:28Z,99,-0.314,-0.51,9.454
2025-11-12T18:55:28Z,100,-0.353,-0.549,9.454
2025-11-12T18:55:28Z,99,-0.314,-0.471,9.454
2025-11-12T18:55:28Z,100,-0.314,-0.471,9.454
2025-11-12T18:55:28Z,100,-0.314,-0.51,9.414
2025-11-12T18:55:28Z,100,-0.235,-0.51,9.454
2025-11-12T18:55:28Z,100,-0.314,-0.51,9.454
2025-11-12T18:55:28Z,100,-0.314,-0.549,9.454
2025-11-12T18:55:28Z,100,-0.314,-0.549,9.454
2025-11-12T18:55:28Z,100,-0.275,-0.471,9.414
2025-11-12T18:55:28Z,100,-0.314,-0.51,9.493
2025-11-12T18:55:28Z,100,-0.275,-0.51,9.493
2025-11-12T18:55:28Z,100,-0.275,-0.51,9.375
2025-11-12T18:55:28Z,100,-0.196,-0.549,9.414
2025-11-12T18:55:28Z,100,-0.353,-0.471,9.454
2025-11-12T18:55:28Z,100,-0.235,-0.549,9.414
2025-11-12T18:55:28Z,100,-0.275,-0.549,9.454
2025-11-12T18:55:28Z,100,-0.314,-0.51,9.454
2025-11-12T18:55:28Z,100,-0.275,-0.51,9.375
2025-11-12T18:55:28Z,100,-0.275,-0.471,9.375
2025-11-12T18:55:28Z,100,-0.314,-0.51,9.414
2025-11-12T18:55:28Z,100,-0.314,-0.51,9.493
2025-11-12T18:55:28Z,100,-0.314,-0.51,9.454
2025-11-12T18:56:30Z,100,-0.275,-0.549,9.454
2025-11-12T18:56:30Z,100,-0.196,-0.471,9.414
2025-11-12T18:56:30Z,99,-0.235,-0.51,9.375
2025-11-12T18:56:30Z,100,-0.314,-0.471,9.454
2025-11-12T18:56:30Z,100,-0.275,-0.51,9.375
2025-11-12T18:56:30Z,100,-0.275,-0.471,9.414
2025-11-12T18:56:30Z,100,-0.314,-0.471,9.454
2025-11-12T18:56:30Z,100,-0.275,-0.471,9.414
2025-11-12T18:56:30Z,100,-0.275,-0.51,9.336
2025-11-12T18:56:30Z,100,-0.235,-0.549,9.375
2025-11-12T18:56:30Z,100,-0.275,-0.549,9.414
2025-11-12T18:56:30Z,100,-0.314,-0.471,9.493
2025-11-12T18:56:30Z,100,-0.235,-0.51,9.375
2025-11-12T18:56:30Z,100,-0.275,-0.471,9.493
2025-11-12T18:56:30Z,100,-0.235,-0.549,9.414
2025-11-12T18:56:30Z,100,-0.235,-0.51,9.493
2025-11-12T18:56:30Z,100,-0.235,-0.51,9.414
2025-11-12T18:56:30Z,99,-0.275,-0.549,9.414
2025-11-12T18:56:30Z,99,-0.353,-0.471,9.454
2025-11-12T18:56:30Z,99,-0.275,-0.471,9.454
2025-11-12T18:56:30Z,99,-0.314,-0.51,9.414
2025-11-12T18:56:30Z,100,-0.235,-0.471,9.375
2025-11-12T18:56:30Z,100,-0.275,-0.51,9.336
2025-11-12T18:56:30Z,100,-0.275,-0.549,9.414
2025-11-12T18:56:30Z,100,-0.275,-0.471,9.493
2025-11-12T18:56:30Z,100,-0.196,-0.51,9.414
2025-11-12T18:56:30Z,100,-0.275,-0.51,9.375
2025-11-12T18:56:30Z,100,-0.314,-0.51,9.454
2025-11-12T18:56:30Z,100,-0.314,-0.51,9.414
2025-11-12T18:56:30Z,100,-0.275,-0.51,9.414
2025-11-12T18:56:30Z,100,-0.275,-0.51,9.454
2025-11-12T18:56:30Z,99,-0.235,-0.51,9.493
2025-11-12T18:56:30Z,100,-0.275,-0.51,9.375
2025-11-12T18:56:30Z,100,-0.275,-0.431,9.493
2025-11-12T18:56:30Z,100,-0.235,-0.51,9.454
2025-11-12T18:56:30Z,100,-0.353,-0.431,9.532
2025-11-12T18:56:30Z,100,-0.314,-0.51,9.454
2025-11-12T18:56:30Z,100,-0.314,-0.51,9.414
2025-11-12T18:56:30Z,99,-0.314,-0.549,9.414
2025-11-12T18:56:30Z,100,-0.235,-0.51,9.493
2025-11-12T18:56:30Z,99,-0.314,-0.549,9.414
2025-11-12T18:56:30Z,99,-0.314,-0.471,9.454
2025-11-12T18:56:30Z,99,-0.314,-0.51,9.454
2025-11-12T18:56:30Z,99,-0.275,-0.51,9.454
2025-11-12T18:56:30Z,99,-0.235,-0.549,9.454
2025-11-12T18:56:30Z,99,-0.275,-0.471,9.414
2025-11-12T18:56:30Z,99,-0.235,-0.51,9.454
2025-11-12T18:56:30Z,100,-0.275,-0.471,9.414
2025-11-12T18:56:30Z,99,-0.235,-0.51,9.375
2025-11-12T18:56:30Z,100,-0.275,-0.51,9.454
2025-11-12T18:56:30Z,100,-0.275,-0.51,9.454
2025-11-12T18:56:30Z,100,-0.314,-0.51,9.454
2025-11-12T18:56:30Z,100,-0.275,-0.51,9.375
2025-11-12T18:56:30Z,100,-0.275,-0.51,9.493
2025-11-12T18:56:30Z,100,-0.275,-0.431,9.414
2025-11-12T18:56:30Z,100,-0.235,-0.51,9.375
2025-11-12T18:56:30Z,100,-0.314,-0.471,9.454
2025-11-12T18:56:30Z,100,-0.196,-0.51,9.414
2025-11-12T18:56:30Z,100,-0.275,-0.471,9.414
2025-11-12T18:56:30Z,100,-0.314,-0.471,9.414
2025-11-12T18:57:33Z,99,-0.314,-0.51,9.414
2025-11-12T18:57:33Z,99,-0.314,-0.51,9.414
2025-11-12T18:57:33Z,99,-0.314,-0.51,9.493
2025-11-12T18:57:33Z,99,-0.314,-0.51,9.414
2025-11-12T18:57:33Z,99,-0.314,-0.471,9.454
2025-11-12T18:57:33Z,99,-0.275,-0.51,9.454
2025-11-12T18:57:33Z,99,-0.275,-0.471,9.454
2025-11-12T18:57:33Z,99,-0.314,-0.51,9.454
2025-11-12T18:57:33Z,99,-0.314,-0.549,9.414
2025-11-12T18:57:33Z,99,-0.275,-0.471,9.414
2025-11-12T18:57:33Z,99,-0.314,-0.471,9.454
2025-11-12T18:57:33Z,100,-0.275,-0.51,9.454
2025-11-12T18:57:33Z,100,-0.314,-0.51,9.493
2025-11-12T18:57:33Z,100,-0.314,-0.51,9.454
2025-11-12T18:57:33Z,100,-0.353,-0.588,8.944
2025-11-12T18:57:33Z,100,-0.314,-0.549,9.454
2025-11-12T18:57:33Z,100,-0.314,-0.471,9.493
2025-11-12T18:57:33Z,100,-0.314,-0.51,9.532
2025-11-12T18:57:33Z,100,-0.235,-0.51,9.375
2025-11-12T18:57:33Z,100,-0.314,-0.471,9.454
2025-11-12T18:57:33Z,100,-0.275,-0.471,9.454
2025-11-12T18:57:33Z,100,-0.314,-0.471,9.454
2025-11-12T18:57:33Z,100,-0.275,-0.471,9.454
2025-11-12T18:57:33Z,100,-0.314,-0.549,9.454
2025-11-12T18:57:33Z,100,-0.314,-0.51,9.493
2025-11-12T18:57:33Z,100,-0.314,-0.51,9.414
2025-11-12T18:57:33Z,100,-0.314,-0.471,9.454
2025-11-12T18:57:33Z,100,-0.314,-0.471,9.493
2025-11-12T18:57:33Z,100,-0.314,-0.471,9.375
2025-11-12T18:57:33Z,100,-0.314,-0.51,9.414
2025-11-12T18:57:33Z,100,-0.275,-0.51,9.454
2025-11-12T18:57:33Z,100,-0.275,-0.51,9.454
2025-11-12T18:57:33Z,100,-0.275,-0.51,9.414
2025-11-12T18:57:33Z,100,-0.275,-0.471,9.375
2025-11-12T18:57:33Z,100,-0.314,-0.51,9.414
2025-11-12T18:57:33Z,101,-0.314,-0.51,9.454
2025-11-12T18:57:33Z,101,-0.275,-0.51,9.454
2025-11-12T18:57:33Z,101,-0.353,-0.471,9.454
2025-11-12T18:57:33Z,101,-0.275,-0.51,9.414
2025-11-12T18:57:33Z,101,-0.314,-0.51,9.414
2025-11-12T18:57:33Z,100,-0.275,-0.51,9.454
2025-11-12T18:57:33Z,100,-0.275,-0.51,9.414
2025-11-12T18:57:33Z,100,-0.314,-0.51,9.454
2025-11-12T18:57:33Z,100,-0.353,-0.51,9.493
2025-11-12T18:57:33Z,100,-0.275,-0.51,9.336
2025-11-12T18:57:33Z,100,-0.235,-0.431,9.375
2025-11-12T18:57:33Z,100,-0.353,-0.51,9.454
2025-11-12T18:57:33Z,100,-0.275,-0.471,9.414
2025-11-12T18:57:33Z,100,-0.353,-0.51,9.454
2025-11-12T18:57:33Z,100,-0.275,-0.51,9.454
2025-11-12T18:57:33Z,100,-0.314,-0.471,9.454
2025-11-12T18:57:33Z,100,-0.353,-0.471,9.454
2025-11-12T18:57:33Z,100,-0.353,-0.471,9.493
2025-11-12T18:57:33Z,100,-0.275,-0.431,9.414
2025-11-12T18:57:33Z,100,-0.392,-0.51,9.454
2025-11-12T18:57:33Z,100,-0.392,-0.431,9.454
2025-11-12T18:57:33Z,100,-0.314,-0.51,9.493
2025-11-12T18:57:33Z,100,-0.196,-0.51,9.493
2025-11-12T18:57:33Z,100,-0.235,-0.51,9.375
2025-11-12T18:57:33Z,100,-0.353,-0.549,9.454
2025-11-12T18:58:36Z,99,-0.353,-0.51,9.375
2025-11-12T18:58:36Z,99,-0.314,-0.549,9.454
2025-11-12T18:58:36Z,99,-0.392,-0.51,9.414
2025-11-12T18:58:36Z,99,-0.275,-0.471,9.454
2025-11-12T18:58:36Z,100,-0.353,-0.51,9.414
2025-11-12T18:58:36Z,100,-0.314,-0.471,9.493
2025-11-12T18:58:36Z,100,-0.353,-0.51,9.454
2025-11-12T18:58:36Z,100,-0.275,-0.51,9.532
2025-11-12T18:58:36Z,99,-0.235,-0.51,9.454
2025-11-12T18:58:36Z,99,-0.275,-0.51,9.414
2025-11-12T18:58:36Z,99,-0.314,-0.471,9.454
2025-11-12T18:58:36Z,99,-0.353,-0.51,9.414
2025-11-12T18:58:36Z,99,-0.353,-0.471,9.414
2025-11-12T18:58:36Z,99,-0.353,-0.549,9.414
2025-11-12T18:58:36Z,99,-0.314,-0.51,9.454
2025-11-12T18:58:36Z,99,-0.235,-0.471,9.493
2025-11-12T18:58:36Z,100,-0.275,-0.549,9.454
2025-11-12T18:58:36Z,100,-0.235,-0.431,9.414
2025-11-12T18:58:36Z,99,-0.314,-0.51,9.414
2025-11-12T18:58:36Z,100,-0.353,-0.51,9.454
2025-11-12T18:58:36Z,100,-0.275,-0.471,9.414
2025-11-12T18:58:36Z,100,-0.275,-0.431,9.414
2025-11-12T18:58:36Z,100,-0.314,-0.51,9.414
2025-11-12T18:58:36Z,100,-0.314,-0.51,9.493
2025-11-12T18:58:36Z,100,-0.275,-0.51,9.454
2025-11-12T18:58:36Z,100,-0.314,-0.471,9.454
2025-11-12T18:58:36Z,100,-0.275,-0.51,9.414
2025-11-12T18:58:36Z,100,-0.314,-0.51,9.454
2025-11-12T18:58:36Z,100,-0.235,-0.549,9.454
2025-11-12T18:58:36Z,100,-0.196,-0.471,9.493
2025-11-12T18:58:36Z,100,-0.314,-0.471,9.532
2025-11-12T18:58:36Z,99,-0.353,-0.471,9.493
2025-11-12T18:58:36Z,100,-0.392,-0.51,9.454
2025-11-12T18:58:36Z,100,-0.314,-0.549,9.493
2025-11-12T18:58:36Z,100,-0.275,-0.51,9.493
2025-11-12T18:58:36Z,99,-0.314,-0.549,9.375
2025-11-12T18:58:36Z,100,-0.314,-0.471,9.454
2025-11-12T18:58:36Z,100,-0.196,-0.51,9.493
2025-11-12T18:58:36Z,100,-0.235,-0.549,9.454
2025-11-12T18:58:36Z,100,-0.353,-0.588,9.375
2025-11-12T18:58:36Z,99,-0.353,-0.588,9.454
2025-11-12T18:58:36Z,99,-0.471,-0.549,9.414
2025-11-12T18:58:36Z,99,-0.392,-0.431,9.454
2025-11-12T18:58:36Z,100,-0.353,-0.471,9.375
2025-11-12T18:58:36Z,100,-0.353,-0.51,9.454
2025-11-12T18:58:36Z,100,-0.353,-0.51,9.414
2025-11-12T18:58:36Z,100,-0.235,-0.471,9.414
2025-11-12T18:58:36Z,100,-0.196,-0.51,9.454
2025-11-12T18:58:36Z,100,-0.235,-0.51,9.336
2025-11-12T18:58:36Z,99,-0.314,-0.51,9.414
2025-11-12T18:58:36Z,100,-0.235,-0.471,9.454
2025-11-12T18:58:36Z,100,-0.314,-0.51,9.454
2025-11-12T18:58:36Z,100,-0.314,-0.549,9.414
2025-11-12T18:58:36Z,99,-0.314,-0.471,9.454
2025-11-12T18:58:36Z,100,-0.275,-0.51,9.414
2025-11-12T18:58:36Z,100,-0.314,-0.51,9.493
2025-11-12T18:58:36Z,100,-0.275,-0.51,9.454
2025-11-12T18:58:36Z,101,-0.275,-0.471,9.414
2025-11-12T18:58:36Z,100,-0.314,-0.471,9.493
2025-11-12T18:58:36Z,100,-0.314,-0.549,9.414
